,user,user_name,r_gender,age,mar,job,income,r_style1,r_style2,r_style3,r_style4,r_style5
0,0,27,1,4,2,4,1,2,6,2,2,1
1,1,133,1,2,1,6,2,1,1,2,2,2
2,2,179,2,3,1,4,2,1,5,1,2,2
3,3,289,2,2,2,1,2,2,3,1,2,1
4,4,1022,2,2,1,6,2,2,1,1,2,2
5,5,1027,2,1,1,6,2,2,1,2,2,2
6,6,1073,2,2,2,1,2,2,3,2,2,1
7,7,1512,2,3,2,1,2,2,5,1,2,2
8,8,1513,2,3,2,1,2,1,1,1,2,2
9,9,1516,2,3,2,1,2,2,2,2,2,2
10,10,1880,2,2,1,6,2,2,3,2,2,1
11,11,1968,2,4,2,2,2,2,2,2,2,2
12,12,1969,2,4,2,3,2,2,1,2,2,2
13,13,1970,2,3,2,1,2,2,6,2,2,1
14,14,1978,2,4,2,1,2,2,5,1,2,2
15,15,1987,2,4,2,1,2,2,4,2,2,2
16,16,1990,2,1,1,4,2,2,2,2,2,2
17,17,1991,2,4,2,1,2,2,4,2,2,2
18,18,1998,2,4,2,1,2,1,5,2,2,1
19,19,1999,2,4,2,1,2,1,6,2,2,2
20,20,2000,2,4,2,1,2,2,5,2,2,2
21,21,2002,2,3,2,3,2,2,2,2,2,1
22,22,2004,2,3,2,1,2,2,5,2,1,1
23,23,2007,2,4,2,1,2,1,6,2,2,2
24,24,2008,2,4,2,1,2,1,6,2,1,1
25,25,2011,2,3,2,1,2,1,5,2,2,2
26,26,2012,2,4,2,1,2,1,6,2,1,1
27,27,2013,2,4,2,1,1,1,6,2,2,1
28,28,2020,2,4,2,1,1,1,6,2,2,1
29,29,2026,2,4,2,1,2,1,2,2,1,2
30,30,2032,2,3,2,1,2,1,6,2,2,2
31,31,2042,2,2,1,4,2,2,3,1,1,2
32,32,2044,2,3,2,4,2,1,2,2,2,1
33,33,2052,2,4,2,1,2,2,6,2,2,1
34,34,2060,2,3,2,1,2,1,6,1,1,1
35,35,2064,2,3,2,1,2,2,6,2,2,1
36,36,2069,2,3,2,1,2,1,6,2,2,1
37,37,2081,2,4,2,1,2,2,6,2,2,1
38,38,2093,2,4,2,1,1,1,6,2,2,1
39,39,2177,2,3,2,1,2,2,1,1,2,1
40,40,2245,2,3,2,1,1,1,5,2,2,1
41,41,2254,2,4,2,1,2,1,6,2,2,2
42,42,2267,2,3,2,4,2,2,2,2,2,1
43,43,2309,2,4,2,1,1,1,1,2,1,1
44,44,2320,2,4,2,3,2,1,5,2,2,1
45,45,2337,2,4,2,1,2,2,5,2,2,2
46,46,2339,2,3,2,1,2,2,6,1,2,2
47,47,2386,1,3,2,4,1,1,3,1,2,1
48,48,2525,2,3,2,4,2,1,1,1,1,2
49,49,2609,2,3,2,1,2,2,6,2,2,1
50,50,2768,2,4,2,1,2,2,6,1,1,2
51,51,3584,2,3,2,1,2,2,6,2,2,2
52,52,3752,2,4,2,1,2,1,6,2,2,1
53,53,4035,1,3,2,4,2,2,5,2,2,1
54,54,4143,2,3,2,1,2,2,5,2,2,1
55,55,4188,2,4,2,1,2,2,6,1,2,2
56,56,4218,2,3,2,1,2,2,6,2,2,2
57,57,4224,2,3,2,1,2,1,6,1,1,2
58,58,4543,2,3,1,4,2,2,2,1,2,2
59,59,4586,2,2,2,1,2,2,3,1,2,1
60,60,4596,2,4,2,1,2,1,2,2,2,1
61,61,4750,1,3,1,4,2,1,3,1,2,2
62,62,4831,2,2,1,6,2,2,2,2,2,1
63,63,4996,2,2,2,1,2,2,1,2,2,1
64,64,5682,2,3,2,1,2,1,6,1,2,2
65,65,5713,1,2,1,6,2,1,3,2,2,1
66,66,5931,2,4,2,1,2,1,6,2,2,1
67,67,6241,2,4,2,6,2,2,3,1,2,2
68,68,6684,2,3,2,1,2,2,3,2,2,1
69,69,6819,2,3,2,3,2,1,2,1,1,2
70,70,7073,2,1,1,2,2,2,2,2,2,2
71,71,7658,2,3,2,1,2,2,4,2,2,2
72,72,8530,2,4,2,1,1,1,4,2,2,1
73,73,9096,2,2,1,6,1,1,3,1,1,2
74,74,9197,2,3,1,4,2,1,2,1,1,2
75,75,9434,2,1,1,5,2,2,1,2,2,2
76,76,9533,2,3,2,1,1,1,6,2,1,1
77,77,10654,2,3,2,1,1,2,3,2,2,1
78,78,10771,2,3,2,1,2,2,3,2,2,1
79,79,11155,1,1,1,5,2,1,5,1,1,2
80,80,11575,2,1,1,4,2,2,2,1,2,2
81,81,12223,2,3,2,1,2,1,6,2,2,1
82,82,12322,2,3,2,1,2,2,3,2,2,2
83,83,12348,2,3,2,1,2,1,1,2,2,1
84,84,12605,2,3,2,1,2,1,6,2,2,2
85,85,12832,2,4,2,1,2,2,2,1,2,1
86,86,13189,2,3,2,1,2,2,1,2,2,2
87,87,13238,2,3,2,1,2,1,5,2,2,2
88,88,13990,2,1,1,4,2,2,2,2,2,1
89,89,14305,2,1,1,5,2,2,1,2,2,1
90,90,14616,2,4,2,4,2,1,2,2,2,2
91,91,15213,2,4,2,4,1,1,5,2,2,1
92,92,15251,1,1,1,5,2,2,1,1,2,1
93,93,15650,2,4,2,3,2,2,1,2,2,1
94,94,16303,2,2,2,6,2,2,1,2,2,1
95,95,16555,2,3,2,1,2,2,6,1,2,1
96,96,17364,2,2,1,6,1,1,1,1,1,1
97,97,17391,2,1,1,4,1,1,2,2,1,2
98,98,17465,1,1,1,6,2,1,3,1,1,2
99,99,17940,2,3,2,1,2,2,6,2,1,2
100,100,18198,2,1,1,6,2,1,1,2,2,1
101,101,18262,1,1,1,2,1,2,1,1,1,1
102,102,18416,2,3,2,1,2,1,3,2,1,2
103,103,18437,2,3,2,6,2,2,1,2,2,2
104,104,18443,1,3,1,6,1,1,2,2,1,1
105,105,18492,2,3,2,4,2,2,6,2,2,2
106,106,18587,2,1,1,3,2,1,2,2,2,2
107,107,18595,2,4,2,1,2,2,6,2,2,2
108,108,18606,2,2,2,1,2,1,4,1,1,2
109,109,18640,2,1,1,5,2,2,2,2,2,1
110,110,18647,2,4,2,2,1,1,6,2,1,1
111,111,18664,1,4,2,3,2,1,3,2,1,2
112,112,18670,2,4,2,6,2,1,3,1,1,2
113,113,18699,2,4,2,1,2,2,5,2,1,1
114,114,18706,2,3,1,4,2,2,4,2,2,2
115,115,18715,2,4,2,1,2,2,5,2,2,1
116,116,18730,1,4,2,4,1,2,6,2,2,1
117,117,18766,2,4,2,1,2,1,6,2,2,1
118,118,18787,2,3,2,4,2,1,2,2,2,2
119,119,18803,1,2,1,6,2,2,1,2,2,2
120,120,18808,2,3,2,1,1,1,6,2,2,1
121,121,18810,2,3,2,1,1,2,6,2,2,1
122,122,18864,2,3,2,1,1,1,6,2,2,1
123,123,19039,2,3,2,4,2,2,3,1,1,2
124,124,19123,1,4,2,4,2,1,2,1,1,2
125,125,19160,2,4,1,6,2,2,1,2,2,2
126,126,19317,2,4,2,1,2,2,6,2,2,1
127,127,19405,2,2,1,6,2,2,2,2,2,2
128,128,19552,1,1,1,5,2,1,6,2,2,1
129,129,19667,2,1,1,4,2,2,2,1,1,2
130,130,19848,1,1,1,5,2,1,2,1,1,2
131,131,20124,2,1,1,4,2,1,2,2,2,1
132,132,20320,2,2,1,6,2,2,1,2,2,2
133,133,20410,2,3,2,1,2,2,5,2,2,2
134,134,20411,2,3,2,1,2,2,4,1,2,1
135,135,20412,2,4,2,1,2,2,6,2,2,2
136,136,20458,1,4,2,2,2,2,5,2,2,2
137,137,20469,2,3,2,1,2,2,6,2,2,2
138,138,20601,2,3,1,6,2,2,2,2,2,1
139,139,20606,2,2,1,4,2,2,3,1,2,2
140,140,20630,2,3,2,1,2,2,4,1,1,2
141,141,20637,2,3,2,1,2,2,4,1,2,1
142,142,20719,2,3,2,2,2,2,1,2,2,1
143,143,20768,2,3,1,2,2,2,4,2,2,1
144,144,20832,2,2,2,6,2,1,1,2,2,2
145,145,21429,1,3,2,3,2,1,4,1,2,2
146,146,21471,2,3,1,4,2,2,1,1,2,2
147,147,21569,1,1,1,5,2,1,6,2,2,1
148,148,21600,2,4,2,6,2,1,6,2,2,2
149,149,21633,2,4,2,1,2,1,6,2,2,2
150,150,22215,2,3,2,1,1,1,6,2,2,2
151,151,22219,2,4,2,1,1,1,4,2,2,1
152,152,22228,2,1,1,6,1,1,1,2,2,2
153,153,22245,2,4,2,1,2,1,6,2,2,1
154,154,22253,2,4,2,1,2,1,4,2,2,2
155,155,22260,2,3,1,4,2,2,2,1,2,2
156,156,22267,2,4,1,6,2,2,1,1,2,2
157,157,22364,2,3,2,1,2,1,4,2,2,2
158,158,22397,2,3,2,1,2,2,3,2,2,2
159,159,22401,2,2,2,1,1,1,4,2,2,2
160,160,22404,2,3,2,1,1,1,3,2,2,1
161,161,22426,1,2,2,3,2,1,2,2,2,2
162,162,22448,1,1,1,5,2,1,1,2,2,1
163,163,22677,2,2,2,1,2,1,3,2,2,1
164,164,22841,2,3,2,6,2,1,5,1,2,2
165,165,22868,2,3,2,1,2,1,3,2,2,2
166,166,22909,2,4,2,1,2,2,6,2,2,1
167,167,22978,2,2,1,4,2,2,2,2,2,1
168,168,23017,2,2,2,4,2,2,6,2,2,1
169,169,23054,1,3,2,2,2,2,3,2,2,2
170,170,23275,2,1,1,4,2,1,2,2,2,2
171,171,23383,2,2,2,1,2,2,2,2,2,1
172,172,23401,2,2,1,6,2,2,1,2,2,2
173,173,23437,1,3,2,4,2,1,3,1,2,2
174,174,23466,2,4,2,1,2,1,1,1,2,2
175,175,23471,1,3,2,2,2,1,4,2,2,2
176,176,23480,2,3,1,6,2,1,1,1,2,2
177,177,23730,1,2,1,2,2,1,2,1,2,2
178,178,23831,1,4,2,2,2,1,2,2,2,2
179,179,24071,2,2,2,1,1,1,1,1,2,1
180,180,24400,2,3,1,4,2,2,2,2,2,1
181,181,24416,1,1,1,5,2,2,1,2,2,1
182,182,24534,2,3,2,4,2,2,3,2,2,1
183,183,24550,2,2,1,6,2,2,1,1,2,2
184,184,24588,2,4,2,1,2,2,4,1,2,2
185,185,24746,2,2,2,1,2,1,3,2,2,2
186,186,24782,2,2,2,1,2,2,6,2,2,1
187,187,24816,2,3,2,4,2,2,2,2,2,1
188,188,24919,2,2,1,6,2,2,1,1,2,2
189,189,25040,2,3,2,1,2,2,4,2,2,2
190,190,25045,1,4,2,4,2,1,3,1,2,2
191,191,25446,1,3,2,3,2,1,6,2,2,2
192,192,25552,2,4,2,4,2,2,2,1,2,2
193,193,25634,2,2,2,4,2,1,1,2,2,2
194,194,25892,1,2,1,6,2,1,1,2,2,2
195,195,25931,2,3,2,6,2,2,1,2,2,1
196,196,25979,2,1,1,6,1,1,2,2,1,2
197,197,26021,1,2,2,4,2,2,2,1,2,1
198,198,26059,2,3,2,1,2,2,2,1,2,2
199,199,26212,2,2,1,6,1,2,1,2,2,1
200,200,26425,2,4,2,1,2,2,6,2,2,1
201,201,26472,2,3,1,6,2,2,1,2,2,2
202,202,26539,1,2,1,4,2,1,2,1,2,2
203,203,26764,2,2,2,2,1,1,1,2,2,1
204,204,26896,2,4,2,1,2,1,1,2,2,2
205,205,27032,2,3,1,4,2,1,2,2,2,1
206,206,27034,2,3,1,4,2,2,2,1,2,2
207,207,27241,2,3,2,4,2,2,4,2,1,2
208,208,27307,2,2,2,1,2,1,1,1,1,2
209,209,27362,2,3,2,6,2,2,3,1,2,2
210,210,27445,2,2,2,4,1,1,2,2,1,2
211,211,27779,1,4,2,2,2,1,3,1,1,2
212,212,27867,2,2,1,6,2,1,2,2,1,2
213,213,28271,2,2,1,4,2,2,1,2,2,2
214,214,28279,2,2,2,1,2,2,6,2,2,2
215,215,28358,1,2,1,4,2,1,2,2,2,2
216,216,28429,1,1,1,4,2,2,2,2,2,2
217,217,28437,1,2,1,3,2,2,2,2,2,1
218,218,28446,1,1,1,3,2,1,2,1,1,2
219,219,28460,1,2,1,6,2,2,1,2,2,2
220,220,28468,1,2,1,4,2,2,3,1,2,1
221,221,28481,1,2,1,4,2,1,2,1,2,2
222,222,28503,1,1,1,4,2,1,1,1,2,2
223,223,28522,2,3,1,1,1,1,2,2,2,1
224,224,28523,1,2,1,2,2,1,2,1,2,2
225,225,28530,1,2,1,2,2,1,2,2,2,2
226,226,28534,1,2,1,2,2,1,2,1,2,2
227,227,28566,1,2,1,4,2,2,4,1,2,2
228,228,28571,1,2,1,2,2,1,2,2,2,1
229,229,28572,2,2,2,3,2,1,2,1,2,2
230,230,28581,1,1,1,4,2,1,2,2,2,2
231,231,28606,2,4,2,1,2,1,5,1,1,2
232,232,28622,2,1,1,3,2,1,2,2,2,2
233,233,28649,2,1,1,1,2,2,2,2,2,1
234,234,28700,1,1,1,5,2,1,6,2,2,2
235,235,28749,2,4,2,6,2,1,3,1,1,2
236,236,28754,2,3,1,6,2,2,1,2,2,1
237,237,28786,1,1,1,2,2,1,3,1,1,2
238,238,28787,1,3,1,6,2,2,1,2,2,2
239,239,28828,1,2,1,4,2,2,3,2,2,2
240,240,28912,1,3,1,4,2,1,2,1,2,1
241,241,29920,2,3,2,1,2,2,5,1,2,2
242,242,29960,1,3,2,2,2,2,5,1,2,2
243,243,29983,2,3,1,4,2,2,1,2,2,2
244,244,30250,2,1,1,2,2,2,2,2,2,1
245,245,30509,2,1,1,4,2,2,2,2,1,2
246,246,30664,2,1,1,2,2,2,2,2,2,1
247,247,30902,1,4,2,6,2,1,3,2,1,2
248,248,34336,2,2,2,1,1,1,6,2,1,1
249,249,34943,1,3,2,4,2,1,3,1,1,2
250,250,37614,2,3,2,1,2,2,3,2,2,2
251,251,37941,2,3,2,1,2,1,3,2,2,1
252,252,41030,2,1,1,5,2,2,1,2,2,1
253,253,41688,1,4,2,4,2,1,6,1,1,2
254,254,42025,2,1,1,6,2,1,2,2,2,2
255,255,42171,2,1,1,5,2,2,5,2,2,1
256,256,42205,2,2,1,4,2,1,2,2,1,2
257,257,42460,2,2,1,2,2,2,2,2,2,2
258,258,42469,2,2,1,6,2,2,1,2,2,2
259,259,42485,2,1,1,5,2,2,4,2,1,2
260,260,42498,2,1,1,6,2,2,1,2,2,2
261,261,42983,2,2,1,6,2,1,1,2,2,2
262,262,44258,2,2,1,4,2,2,2,2,2,1
263,263,44370,2,4,2,4,2,2,2,2,2,1
264,264,45630,2,3,2,6,2,2,3,1,1,2
265,265,48108,2,2,1,6,2,2,1,2,2,2
266,266,48114,2,2,1,6,2,2,1,2,2,1
267,267,49037,2,1,1,4,2,2,2,1,2,2
268,268,49717,1,1,1,6,1,2,2,1,2,2
269,269,49897,1,1,1,2,2,1,2,1,2,2
270,270,50030,2,2,1,4,2,2,2,1,2,2
271,271,50277,1,2,2,6,2,1,4,2,2,1
272,272,50315,1,4,1,6,2,1,2,2,2,2
273,273,51373,2,3,2,1,2,1,6,2,2,2
274,274,52189,2,4,2,1,1,2,3,2,2,1
275,275,52616,2,4,2,1,2,2,1,2,2,2
276,276,52768,2,3,2,1,2,1,3,2,2,1
277,277,53314,2,4,2,6,2,2,2,2,2,1
278,278,53362,2,4,2,2,2,2,2,1,2,2
279,279,54279,2,2,2,1,2,1,4,2,2,1
280,280,54281,2,2,2,1,2,2,3,2,2,1
281,281,54397,2,3,2,1,2,2,4,2,2,1
282,282,54678,1,2,2,3,2,1,3,1,1,2
283,283,55031,2,1,1,6,2,2,6,2,2,2
284,284,55052,2,1,1,4,2,1,2,1,1,2
285,285,55065,2,2,1,4,2,2,1,1,2,1
286,286,55125,2,2,1,4,2,2,3,1,2,1
287,287,55361,2,3,2,1,2,1,2,2,2,1
288,288,55859,2,3,2,1,2,2,1,2,2,2
289,289,56448,2,1,1,6,2,2,1,2,2,2
290,290,56467,2,3,2,1,2,1,4,2,2,2
291,291,56788,2,3,2,1,2,2,5,2,2,1
292,292,56795,2,2,1,4,2,2,2,2,2,2
293,293,57436,2,4,2,1,2,2,5,2,2,1
294,294,57689,2,3,2,4,2,2,5,2,2,2
295,295,57758,2,4,2,6,2,1,2,2,1,2
296,296,57952,1,4,1,6,2,2,2,2,2,1
297,297,57988,2,3,2,1,2,1,1,1,2,2
298,298,57990,2,1,1,3,2,2,2,2,2,1
299,299,58137,2,3,1,6,2,2,1,1,2,2
300,300,58200,2,3,2,1,1,1,5,2,2,1
301,301,58251,2,4,2,1,2,2,5,2,2,2
302,302,58254,2,3,2,1,2,2,6,2,2,1
303,303,58269,1,3,2,2,2,1,6,2,2,2
304,304,58273,2,3,2,1,1,2,6,2,2,2
305,305,58282,2,2,1,6,2,2,1,2,2,2
306,306,58322,2,4,2,4,2,2,4,2,2,1
307,307,58333,2,2,2,1,2,2,2,2,2,2
308,308,58337,2,2,2,6,2,2,6,1,2,1
309,309,58358,2,1,1,6,2,2,5,2,2,2
310,310,58366,2,4,2,1,2,2,4,1,2,2
311,311,58434,2,4,2,6,1,1,2,2,2,1
312,312,58492,2,1,1,5,1,2,1,2,2,1
313,313,58546,2,3,1,6,2,2,1,1,2,2
314,314,58570,2,3,2,6,1,2,5,2,2,1
315,315,58711,1,2,1,3,2,1,3,1,2,2
316,316,58731,2,2,2,1,2,1,3,2,2,1
317,317,58748,2,4,2,1,2,2,5,2,2,2
318,318,58778,2,4,2,3,2,2,5,2,2,1
319,319,58839,1,3,2,2,2,2,2,1,2,2
320,320,58851,1,3,2,4,1,2,3,2,2,2
321,321,58895,2,1,1,6,2,2,1,2,2,2
322,322,58956,2,3,2,2,2,2,3,2,2,1
323,323,58969,2,4,2,1,2,2,3,2,1,2
324,324,59016,2,3,2,1,2,1,4,2,2,1
325,325,59082,2,2,1,3,2,1,1,2,2,2
326,326,59083,1,1,1,6,2,1,1,2,2,1
327,327,59114,2,2,1,4,2,1,1,2,1,2
328,328,59146,2,1,1,6,1,1,1,2,2,2
329,329,59205,1,3,2,6,2,1,3,2,2,2
330,330,59223,2,3,2,1,2,2,5,1,2,2
331,331,59225,2,2,2,4,1,1,3,2,2,1
332,332,59229,2,1,1,6,1,1,6,2,1,1
333,333,59251,2,1,2,1,2,1,2,2,2,1
334,334,59322,1,3,2,6,2,1,3,2,2,2
335,335,59338,2,3,2,1,2,2,3,2,2,2
336,336,59355,2,3,2,1,2,1,3,2,2,1
337,337,59391,2,2,1,6,2,2,1,1,2,1
338,338,59409,1,1,1,5,2,2,1,2,2,2
339,339,59411,1,3,2,3,1,2,5,2,2,1
340,340,59468,1,3,1,6,2,1,1,1,1,2
341,341,59486,2,4,1,6,2,2,1,2,2,2
342,342,59506,2,3,2,1,2,2,1,1,2,2
343,343,59523,2,3,1,4,2,2,4,2,2,1
344,344,59627,2,4,2,1,2,1,5,1,2,2
345,345,59637,2,3,2,1,2,2,4,1,2,2
346,346,59642,2,2,1,6,2,2,1,2,2,1
347,347,59647,2,2,1,6,2,2,2,2,2,2
348,348,59685,2,2,1,6,2,1,3,1,2,2
349,349,59704,1,3,1,6,2,1,1,1,2,2
350,350,59747,2,2,2,1,2,2,1,2,2,1
351,351,59783,1,3,1,4,2,1,2,2,2,2
352,352,59789,1,3,2,4,2,2,4,1,2,2
353,353,59805,2,1,1,6,2,2,1,2,2,2
354,354,59808,2,1,1,6,2,1,1,2,2,2
355,355,59812,1,2,2,4,2,2,2,1,2,2
356,356,59814,2,3,1,6,2,1,1,2,2,1
357,357,59819,1,3,1,6,2,1,1,1,2,2
358,358,59826,2,2,1,2,2,2,2,2,2,1
359,359,59832,2,4,2,4,2,2,2,2,1,2
360,360,59840,1,3,2,2,2,1,5,1,1,2
361,361,59857,2,1,1,5,2,2,1,1,2,2
362,362,59901,1,2,1,2,2,1,1,1,2,2
363,363,59958,2,2,2,1,2,1,3,2,2,2
364,364,59962,2,4,2,1,2,2,2,1,1,2
365,365,59965,1,4,2,2,2,2,2,2,2,2
366,366,59987,2,3,2,3,2,2,5,1,2,1
367,367,60016,2,4,2,3,2,2,2,2,2,2
368,368,60029,1,4,2,2,1,1,4,2,2,1
369,369,60036,1,1,1,5,2,2,1,2,1,2
370,370,60056,1,3,2,3,2,1,2,1,1,2
371,371,60173,2,3,2,6,2,1,2,2,2,1
372,372,60234,1,2,1,4,2,1,5,1,1,2
373,373,60238,2,1,1,5,2,2,4,2,2,1
374,374,60247,2,2,1,4,2,1,3,2,2,1
375,375,60270,1,2,2,2,2,2,3,2,2,2
376,376,60314,2,3,2,6,2,2,1,2,2,2
377,377,60465,1,4,2,6,2,1,1,1,1,2
378,378,60492,2,3,1,6,2,2,3,2,2,1
379,379,60549,1,1,1,5,2,1,4,2,2,2
380,380,60587,2,2,2,1,1,2,1,2,2,1
381,381,60589,1,2,2,6,1,2,2,2,2,1
382,382,60623,2,3,2,1,2,2,4,2,2,2
383,383,60637,2,3,2,1,2,2,4,2,2,1
384,384,60731,1,2,2,6,2,1,2,1,2,2
385,385,60735,2,1,1,5,2,2,5,2,2,2
386,386,60874,1,3,2,4,2,2,3,2,2,2
387,387,60883,2,3,2,1,2,1,4,2,2,2
388,388,60979,2,2,2,2,1,1,2,2,2,1
389,389,60986,2,3,2,4,2,1,1,2,2,1
390,390,61029,2,2,1,3,2,1,1,1,1,2
391,391,61078,2,3,2,1,2,2,3,2,2,2
392,392,61083,2,4,2,2,2,2,1,2,2,1
393,393,61091,2,1,1,4,2,1,2,1,1,2
394,394,61104,2,2,1,4,2,2,2,2,1,2
395,395,61157,1,3,2,6,2,2,1,1,2,1
396,396,61227,1,2,2,4,2,1,3,1,2,2
397,397,61260,1,3,2,3,2,1,1,2,2,1
398,398,61269,2,2,1,4,2,1,2,2,2,2
399,399,61288,2,3,2,1,2,2,4,1,2,2
400,400,61310,2,1,1,5,2,2,1,2,2,2
401,401,61319,2,2,2,1,2,1,3,1,2,2
402,402,61358,2,4,1,6,2,2,1,2,2,2
403,403,61370,2,1,1,6,2,1,1,2,2,1
404,404,61414,2,2,1,6,2,2,1,2,2,2
405,405,61443,2,4,2,1,2,2,6,1,2,2
406,406,61460,2,1,1,6,2,2,2,1,2,2
407,407,61482,2,1,1,6,2,2,2,2,2,2
408,408,61486,2,2,2,1,2,1,2,1,2,2
409,409,61491,2,2,2,4,1,1,2,1,1,2
410,410,61493,1,2,2,4,2,1,3,1,1,2
411,411,61541,2,3,2,1,2,2,1,2,2,1
412,412,61576,2,1,1,4,2,2,2,2,2,1
413,413,61578,2,1,1,3,2,1,1,2,2,2
414,414,61618,2,2,1,6,2,2,1,2,2,1
415,415,61657,2,3,2,1,2,1,2,2,2,2
416,416,61695,2,2,2,2,2,1,2,2,2,2
417,417,61696,2,4,2,3,2,2,2,2,2,1
418,418,61723,2,3,1,3,1,1,3,2,2,1
419,419,61743,2,3,2,1,1,1,6,2,2,1
420,420,61749,1,3,1,6,2,1,2,1,2,2
421,421,61809,2,3,1,3,2,1,1,2,2,2
422,422,61818,1,4,2,6,2,1,2,2,2,1
423,423,61821,2,4,2,4,2,2,2,2,2,1
424,424,61842,2,2,1,6,2,1,1,2,2,1
425,425,61876,2,3,2,1,2,2,4,2,2,1
426,426,61892,1,1,1,2,2,1,2,1,2,2
427,427,61913,1,2,1,6,2,1,2,1,2,2
428,428,61915,1,3,2,2,2,1,4,1,2,2
429,429,61922,2,3,2,1,2,2,3,1,2,1
430,430,61927,2,1,1,2,2,1,2,1,2,1
431,431,61943,2,2,2,1,2,2,3,2,2,2
432,432,61960,1,4,2,2,2,1,3,2,2,1
433,433,61974,2,2,2,6,2,2,4,1,2,2
434,434,61996,2,3,2,1,2,2,4,2,2,1
435,435,62047,2,1,1,5,2,1,1,2,2,1
436,436,62113,2,3,2,1,2,1,4,2,1,2
437,437,62125,2,2,1,6,2,2,1,2,2,2
438,438,62144,2,3,2,4,2,2,4,2,1,2
439,439,62194,1,3,2,4,2,1,5,1,2,2
440,440,62228,1,2,1,3,2,1,1,2,2,2
441,441,62237,2,3,2,1,2,1,6,2,1,2
442,442,62251,1,1,1,4,2,1,2,2,2,1
443,443,62349,1,1,1,6,2,1,6,1,1,1
444,444,62357,2,2,2,4,2,1,2,2,1,1
445,445,62360,1,2,1,6,2,2,1,2,2,2
446,446,62361,2,3,2,3,1,1,2,2,2,1
447,447,62365,1,4,2,2,2,1,2,2,2,1
448,448,62401,2,2,2,1,2,2,4,1,2,2
449,449,62423,2,3,2,1,2,1,2,1,1,2
450,450,62465,1,3,2,4,2,1,6,1,2,2
451,451,62490,2,3,2,6,2,2,1,2,2,1
452,452,62525,2,2,2,1,2,2,1,2,2,2
453,453,62530,2,2,2,1,1,2,1,2,2,1
454,454,62537,2,3,1,4,1,1,2,2,2,1
455,455,62571,1,3,2,3,2,1,2,2,2,1
456,456,62578,2,1,1,5,2,1,6,1,2,2
457,457,62589,1,2,2,2,2,1,2,2,1,2
458,458,62611,2,2,1,4,2,2,3,1,1,2
459,459,62625,2,1,1,5,1,2,4,2,2,1
460,460,62648,2,2,1,6,2,2,1,2,2,2
461,461,62708,2,3,2,1,1,1,6,2,2,1
462,462,62728,2,3,2,6,2,2,1,2,2,1
463,463,62734,2,3,2,3,2,1,2,1,2,2
464,464,62747,2,2,2,1,2,2,4,1,2,2
465,465,62808,2,1,1,4,2,1,1,2,2,1
466,466,62836,1,3,1,6,2,1,1,1,2,1
467,467,62849,1,1,1,5,2,1,1,2,2,1
468,468,62868,1,3,2,4,2,1,2,1,2,1
469,469,62879,1,1,1,2,2,1,2,2,2,2
470,470,62899,1,3,2,6,2,1,1,2,2,1
471,471,62901,1,2,2,4,2,1,3,2,2,2
472,472,62909,2,3,2,1,2,1,2,1,1,2
473,473,62930,2,3,2,1,2,1,5,2,2,1
474,474,62931,1,3,2,3,2,1,5,1,1,2
475,475,62941,1,4,2,4,2,2,3,2,2,1
476,476,62955,2,4,2,6,1,1,6,2,2,1
477,477,63008,1,3,2,6,2,2,1,2,2,2
478,478,63015,2,2,1,2,2,1,3,2,2,1
479,479,63017,2,1,1,2,2,1,2,2,2,2
480,480,63038,1,2,2,4,2,2,2,2,2,1
481,481,63042,1,1,1,6,1,2,1,2,2,1
482,482,63051,2,2,1,4,2,2,2,2,2,1
483,483,63052,2,2,1,4,2,2,2,1,2,1
484,484,63053,2,4,1,3,1,1,2,1,1,1
485,485,63057,2,3,2,2,2,2,2,2,1,2
486,486,63064,2,2,2,4,2,2,2,1,1,2
487,487,63071,2,2,2,1,2,1,1,2,2,2
488,488,63102,1,2,1,3,1,2,3,2,2,1
489,489,63108,2,3,1,4,1,2,1,2,1,1
490,490,63109,1,2,1,2,2,1,3,2,2,2
491,491,63115,1,3,2,2,2,1,3,1,2,2
492,492,63155,1,2,1,3,2,2,2,2,2,2
493,493,63156,2,2,2,1,2,2,6,2,2,1
494,494,63196,2,2,2,1,2,1,1,2,2,1
495,495,63207,1,3,2,3,2,2,1,2,2,1
496,496,63211,2,4,1,4,2,2,1,1,2,2
497,497,63221,2,3,2,1,1,2,4,2,1,1
498,498,63255,1,3,1,6,2,1,3,2,2,2
499,499,63267,2,1,2,1,2,1,1,2,2,2
500,500,63283,2,2,1,6,1,1,1,2,2,1
501,501,63293,2,1,1,4,1,2,2,2,1,2
502,502,63303,2,4,2,3,2,2,2,2,2,1
503,503,63309,2,1,1,2,2,1,2,1,2,1
504,504,63316,2,2,1,3,2,1,2,2,1,2
505,505,63329,2,1,2,1,2,2,2,2,1,1
506,506,63341,2,2,2,4,2,1,4,1,1,2
507,507,63355,2,4,2,3,2,2,2,2,2,1
508,508,63356,2,3,2,1,1,2,3,2,2,1
509,509,63357,2,4,2,1,2,1,4,2,2,2
510,510,63359,2,1,1,6,2,1,2,2,2,1
511,511,63361,1,2,1,6,2,1,2,2,2,2
512,512,63363,1,1,1,5,2,1,3,2,2,2
513,513,63364,1,1,1,2,2,1,3,2,2,2
514,514,63365,1,2,1,4,2,1,1,1,1,2
515,515,63366,1,1,1,2,2,1,1,1,2,2
516,516,63368,2,2,1,4,2,2,2,2,2,2
517,517,63369,1,2,1,3,2,2,2,2,2,1
518,518,63371,1,2,1,5,2,1,1,2,2,2
519,519,63372,2,2,1,3,2,1,2,1,2,2
520,520,63373,2,1,1,5,2,2,1,2,2,1
521,521,63374,2,3,2,4,2,2,2,2,2,1
522,522,63375,1,1,1,2,2,2,2,2,2,2
523,523,63378,2,2,1,6,2,2,1,1,2,2
524,524,63379,2,2,1,6,2,2,1,2,2,2
525,525,63380,2,3,2,1,2,2,1,2,2,1
526,526,63381,1,2,1,6,2,1,1,2,2,2
527,527,63383,2,2,1,6,2,2,1,1,2,2
528,528,63384,2,3,2,1,2,1,1,1,2,2
529,529,63385,2,2,2,3,2,1,1,2,2,1
530,530,63389,1,1,1,2,2,2,2,2,2,1
531,531,63391,1,2,2,2,1,1,2,2,2,2
532,532,63392,1,2,1,2,2,2,2,2,2,1
533,533,63394,1,2,2,2,2,1,4,2,2,2
534,534,63396,1,2,2,4,2,2,3,1,2,2
535,535,63399,1,4,2,4,2,1,3,1,2,2
536,536,63400,2,3,2,1,2,1,1,1,1,2
537,537,63401,1,3,1,2,2,1,2,2,2,2
538,538,63403,2,1,1,6,2,2,1,2,2,1
539,539,63404,1,2,1,6,2,1,2,1,2,2
540,540,63405,1,1,1,5,2,2,6,2,2,2
541,541,63406,1,2,2,4,2,1,6,1,2,2
542,542,63407,2,4,2,1,2,1,6,2,2,1
543,543,63408,2,1,1,5,2,1,1,2,2,2
544,544,63409,2,3,2,1,2,2,1,1,1,2
545,545,63410,2,3,2,4,1,1,3,2,2,1
546,546,63411,2,2,2,1,2,2,1,2,2,1
547,547,63412,2,3,2,4,2,2,5,2,1,2
548,548,63414,2,1,1,4,2,1,3,1,1,2
549,549,63415,1,1,1,6,2,2,2,2,2,2
550,550,63418,2,3,2,1,2,1,5,2,2,2
551,551,63419,2,4,2,4,2,2,1,1,2,2
552,552,63421,2,4,2,6,2,2,1,2,2,1
553,553,63423,2,3,2,4,2,2,2,1,2,1
554,554,63424,2,2,2,1,2,1,3,2,2,2
555,555,63425,2,2,2,4,2,2,1,1,2,2
556,556,63426,1,3,2,2,2,1,2,1,2,1
557,557,63428,1,4,2,3,2,1,3,1,2,2
558,558,63429,1,1,1,2,2,1,2,2,2,2
559,559,63430,2,2,1,4,2,2,2,2,2,2
560,560,63431,2,4,2,6,2,1,1,2,2,2
561,561,63432,1,2,1,6,2,1,1,1,2,2
562,562,63434,2,1,2,4,1,2,2,2,2,1
563,563,63435,2,2,2,1,2,2,1,2,2,2
564,564,63438,2,1,2,4,2,2,2,2,2,2
565,565,63439,2,3,2,1,2,2,1,2,2,1
566,566,63440,2,1,1,5,2,2,1,1,2,1
567,567,63442,2,1,1,4,2,2,1,2,2,2
568,568,63443,1,2,1,3,2,2,2,1,2,2
569,569,63444,2,3,2,4,2,2,3,2,2,1
570,570,63447,2,1,1,6,2,2,1,2,2,2
571,571,63448,1,1,1,6,2,2,1,1,2,2
572,572,63449,2,3,2,4,2,2,2,2,2,2
573,573,63450,2,2,2,1,2,2,3,2,2,1
574,574,63451,2,4,2,1,2,1,2,1,2,2
575,575,63452,2,2,1,2,2,2,2,2,2,1
576,576,63453,2,1,1,5,1,2,1,2,2,1
577,577,63454,2,1,1,5,2,1,1,2,2,1
578,578,63455,2,1,1,4,2,1,3,2,1,1
579,579,63456,2,1,1,6,2,1,1,2,2,1
580,580,63457,2,1,1,5,2,2,1,2,2,1
581,581,63458,2,1,1,5,2,2,1,1,1,2
582,582,63459,2,2,1,4,2,1,2,2,1,2
583,583,63460,2,2,1,4,2,2,4,1,2,2
584,584,63461,2,2,1,5,2,2,2,2,2,1
585,585,63462,2,2,1,3,2,2,2,1,2,1
586,586,63463,2,2,1,3,2,2,1,1,2,2
587,587,63464,2,1,1,2,2,2,2,1,1,2
588,588,63465,2,1,2,2,2,2,3,1,2,2
589,589,63466,2,1,1,5,2,2,2,2,1,2
590,590,63468,2,1,1,4,2,2,2,2,2,1
591,591,63469,2,1,1,5,2,2,1,2,2,2
592,592,63471,2,1,1,4,2,1,2,2,2,2
593,593,63473,2,1,1,5,2,2,1,2,2,2
594,594,63474,2,1,1,5,2,2,1,2,2,1
595,595,63475,2,1,1,4,2,2,5,2,2,2
596,596,63476,2,2,1,4,1,2,2,2,2,1
597,597,63477,2,2,1,6,2,2,1,1,2,2
598,598,63478,1,3,2,3,2,1,4,1,2,2
599,599,63479,2,2,1,3,2,2,1,1,1,2
600,600,63480,2,2,1,6,2,2,1,2,2,1
601,601,63481,1,2,2,4,2,2,3,2,1,1
602,602,63482,2,2,1,4,2,1,2,2,2,1
603,603,63483,2,1,1,4,2,2,2,1,1,1
604,604,63484,2,1,1,5,2,2,5,2,2,1
605,605,63486,2,1,1,5,2,1,1,2,2,1
606,606,63487,2,1,1,3,2,2,1,2,1,1
607,607,63488,2,1,1,3,2,1,1,2,2,1
608,608,63489,2,1,1,5,1,1,6,2,2,1
609,609,63490,2,3,2,2,2,2,1,2,2,1
610,610,63493,2,1,1,4,2,2,2,1,2,2
611,611,63494,2,2,1,4,2,2,1,2,2,2
612,612,63495,2,1,1,4,2,2,2,2,2,2
613,613,63496,2,2,1,4,2,2,2,2,2,1
614,614,63497,2,1,1,2,2,2,4,1,2,1
615,615,63498,2,1,1,4,2,2,2,2,2,1
616,616,63499,2,1,1,6,2,2,1,2,2,2
617,617,63500,2,2,1,3,2,1,1,2,2,1
618,618,63501,2,1,1,5,2,2,1,2,2,2
619,619,63502,2,2,1,4,2,1,3,1,2,2
620,620,63503,2,1,1,5,2,2,6,1,2,2
621,621,63505,1,3,2,4,2,2,6,2,1,2
622,622,63506,2,1,1,6,2,2,2,2,2,2
623,623,63507,2,1,1,5,2,2,2,2,1,2
624,624,63509,2,2,2,3,2,2,2,1,2,1
625,625,63510,2,1,1,4,2,2,3,2,2,1
626,626,63512,2,2,1,4,2,2,2,2,1,2
627,627,63513,2,2,1,2,2,2,4,2,2,1
628,628,63514,2,2,1,4,2,2,2,2,2,1
629,629,63515,2,2,2,1,2,2,4,2,2,2
630,630,63516,2,3,2,1,2,1,4,2,2,1
631,631,63517,2,1,1,2,2,1,2,1,1,1
632,632,63519,2,2,1,3,2,1,2,1,2,2
633,633,63520,2,1,1,2,2,1,3,2,1,1
634,634,63521,2,1,1,4,2,2,2,2,2,2
635,635,63522,2,2,1,4,2,2,2,2,2,1
636,636,63523,2,1,1,5,2,2,1,1,2,2
637,637,63524,2,2,2,4,2,1,1,1,2,2
638,638,63525,2,1,1,4,1,2,1,2,1,1
639,639,63526,2,1,1,5,1,2,1,2,2,1
640,640,63527,2,1,1,5,2,2,1,2,2,2
641,641,63528,2,1,1,4,2,2,2,2,2,1
642,642,63529,2,2,1,4,2,2,2,1,1,2
643,643,63530,2,2,1,4,2,2,2,2,2,2
644,644,63532,2,1,1,4,2,2,2,1,1,2
645,645,63533,2,1,1,4,2,1,2,2,2,1
646,646,63534,2,1,2,4,2,2,2,2,2,1
647,647,63535,2,1,1,5,2,2,1,2,1,2
648,648,63536,2,1,1,6,2,2,1,2,2,2
649,649,63537,2,2,2,6,2,2,2,2,2,1
650,650,63538,2,2,2,4,2,1,4,2,2,1
651,651,63539,2,2,1,6,2,2,1,2,2,2
652,652,63540,2,2,1,6,2,2,6,2,2,1
653,653,63541,2,1,1,4,2,1,2,2,1,2
654,654,63542,2,2,1,6,2,2,2,1,2,2
655,655,63543,2,2,1,4,2,2,3,2,1,2
656,656,63544,2,1,1,4,2,2,2,1,2,2
657,657,63545,2,1,1,6,1,2,1,2,2,1
658,658,63546,2,1,1,6,2,2,1,2,1,2
659,659,63547,1,3,2,4,2,1,4,2,1,2
660,660,63548,2,1,1,4,2,1,2,1,1,2
661,661,63550,2,1,1,4,2,1,2,2,1,1
662,662,63552,2,2,1,4,2,2,2,2,2,1
663,663,63555,2,2,2,2,2,2,3,2,2,1
664,664,63556,2,1,1,5,2,1,4,2,2,1
665,665,63557,1,1,1,4,2,1,3,2,1,2
666,666,63558,2,1,1,4,2,1,2,1,2,2
667,667,63559,2,1,1,4,2,1,2,1,1,2
668,668,63561,2,1,1,4,2,1,1,2,2,1
669,669,63562,2,2,1,4,2,2,2,2,2,1
670,670,63563,2,1,1,4,2,2,3,2,1,2
671,671,63564,2,2,1,5,2,2,1,2,2,2
672,672,63565,2,2,1,6,2,2,1,2,2,2
673,673,63566,2,2,2,4,2,1,1,2,2,2
674,674,63567,2,1,1,4,2,2,2,2,2,2
675,675,63569,2,2,1,6,2,2,1,2,2,1
676,676,63570,2,1,1,4,2,1,2,1,1,2
677,677,63571,1,1,1,5,2,1,1,2,2,1
678,678,63572,2,2,1,6,2,1,3,2,2,2
679,679,63573,2,1,1,4,2,2,2,1,1,1
680,680,63574,2,1,1,5,2,2,4,2,1,2
681,681,63576,2,2,1,6,2,2,1,2,2,1
682,682,63577,2,2,1,6,2,1,1,2,1,2
683,683,63578,2,1,1,5,2,2,2,2,2,1
684,684,63579,2,2,1,4,2,2,2,2,2,1
685,685,63580,2,1,1,4,2,1,1,2,1,2
686,686,63581,2,1,1,3,2,2,2,2,2,2
687,687,63582,2,2,1,6,2,2,1,2,2,1
688,688,63583,2,2,2,4,2,2,3,2,2,2
689,689,63584,2,1,1,4,2,2,2,2,2,1
690,690,63585,2,1,1,2,2,2,2,1,1,1
691,691,63586,2,2,1,4,2,2,2,2,2,2
692,692,63587,2,1,1,6,2,2,2,1,2,2
693,693,63589,2,2,1,4,2,2,2,1,2,2
694,694,63590,2,1,1,4,2,2,2,2,2,1
695,695,63591,2,1,1,4,2,1,2,1,1,2
696,696,63592,2,1,1,4,2,2,2,2,1,2
697,697,63593,2,1,1,5,2,2,1,1,2,2
698,698,63594,2,3,2,1,2,2,5,2,2,2
699,699,63596,2,2,1,4,2,2,2,2,2,1
700,700,63597,2,3,2,6,1,2,4,2,2,1
701,701,63599,2,1,1,4,2,2,1,2,2,2
702,702,63600,2,1,1,6,2,2,2,2,2,2
703,703,63601,2,1,1,5,2,2,1,2,2,2
704,704,63604,2,1,1,2,2,2,1,2,2,2
705,705,63605,1,2,2,2,2,1,2,1,2,2
706,706,63606,2,2,1,4,2,2,2,2,2,2
707,707,63608,2,2,1,4,2,2,3,2,2,1
708,708,63609,2,2,2,4,2,2,2,1,2,1
709,709,63611,2,1,1,4,2,2,2,1,2,2
710,710,63612,2,3,2,4,2,1,2,2,1,2
711,711,63613,2,1,1,5,1,1,2,2,2,1
712,712,63614,2,1,1,3,2,1,2,2,2,2
713,713,63615,2,2,1,4,2,2,2,2,2,2
714,714,63616,2,2,1,6,2,2,1,2,2,1
715,715,63617,2,1,1,5,2,2,1,2,2,2
716,716,63618,2,1,1,5,2,2,1,2,2,2
717,717,63620,2,1,1,6,2,2,1,2,2,1
718,718,63621,2,2,1,4,2,2,3,1,2,1
719,719,63623,2,1,1,4,2,1,2,2,2,1
720,720,63625,2,2,2,1,2,2,2,1,1,2
721,721,63627,2,2,2,1,2,1,1,2,2,2
722,722,63628,2,1,1,4,2,2,2,2,2,1
723,723,63629,2,1,1,5,2,1,1,2,2,2
724,724,63630,2,1,1,4,2,2,2,2,2,2
725,725,63631,2,2,2,1,2,1,3,2,2,1
726,726,63632,2,1,1,6,2,2,4,2,2,1
727,727,63634,2,2,1,4,2,1,2,2,1,2
728,728,63636,2,2,1,4,2,2,2,2,2,1
729,729,63640,2,2,1,4,2,2,2,2,2,2
730,730,63643,2,1,1,4,2,2,2,2,1,2
731,731,63644,2,1,1,2,1,1,2,2,2,1
732,732,63653,2,2,1,6,2,1,1,1,1,2
733,733,63654,2,2,1,4,2,2,1,2,2,2
734,734,63657,2,2,1,4,2,2,3,1,1,2
735,735,63658,2,2,2,1,2,2,2,2,2,2
736,736,63668,2,2,1,2,2,2,2,2,2,1
737,737,63669,2,1,1,5,2,1,1,2,2,2
738,738,63676,2,1,1,4,2,2,2,2,2,1
739,739,63682,2,2,1,4,2,1,1,1,1,2
740,740,63685,1,2,2,4,2,1,2,2,2,2
741,741,63696,1,3,2,4,2,1,3,1,1,2
742,742,63698,2,3,2,4,2,1,2,2,2,2
743,743,63699,1,2,1,6,2,1,2,1,2,2
744,744,63703,2,1,1,4,2,2,2,2,2,1
745,745,63704,2,2,1,2,2,2,2,2,2,1
746,746,63706,2,2,1,4,2,2,1,2,2,2
747,747,63708,1,1,1,6,2,2,1,1,2,2
748,748,63710,2,1,1,4,2,1,2,2,2,2
749,749,63711,2,2,1,2,2,2,2,1,2,2
750,750,63712,2,1,1,2,2,2,1,1,2,2
751,751,63713,2,2,1,2,2,1,2,2,2,1
752,752,63715,2,1,1,3,2,1,1,2,2,1
753,753,63716,1,2,1,2,2,1,2,2,2,1
754,754,63717,2,2,2,4,2,2,6,1,1,1
755,755,63718,1,3,2,4,2,1,5,2,2,1
756,756,63719,2,1,1,5,2,2,1,1,2,2
757,757,63720,2,2,1,4,2,2,2,2,2,1
758,758,63721,2,2,1,4,2,2,3,2,2,1
759,759,63722,2,1,1,6,2,2,2,2,2,2
760,760,63723,2,1,1,6,2,1,1,2,2,2
761,761,63724,2,2,1,2,2,2,3,2,2,1
762,762,63725,2,2,1,4,2,2,2,2,2,1
763,763,63726,2,2,1,4,2,1,5,2,1,2
764,764,63727,2,2,1,4,1,1,2,2,2,1
765,765,63728,2,1,1,2,2,2,2,1,2,2
766,766,63729,2,2,2,1,2,2,3,2,1,1
767,767,63730,2,1,1,5,2,2,1,2,2,1
768,768,63732,2,1,1,5,2,1,1,1,2,2
769,769,63734,2,1,1,4,2,1,3,2,2,1
770,770,63736,2,2,1,6,2,2,3,2,2,1
771,771,63738,2,2,1,4,2,1,2,2,2,1
772,772,63739,1,3,2,4,2,1,5,2,1,2
773,773,63740,2,2,1,6,2,2,3,1,2,2
774,774,63742,2,1,1,6,2,2,1,2,2,1
775,775,63743,2,2,1,4,2,1,3,1,2,2
776,776,63744,2,1,1,2,1,2,2,2,2,1
777,777,63745,2,1,1,2,2,1,1,2,1,2
778,778,63746,2,2,2,2,2,2,2,2,2,1
779,779,63747,2,1,1,5,2,2,1,2,1,1
780,780,63748,1,2,2,2,2,1,3,1,1,2
781,781,63750,2,1,1,4,2,2,2,2,2,2
782,782,63751,2,1,1,6,2,2,1,2,2,1
783,783,63752,2,1,1,3,1,1,2,1,2,1
784,784,63753,2,1,1,5,2,2,1,2,2,1
785,785,63754,2,2,2,1,2,2,3,2,2,1
786,786,63756,2,1,1,5,2,2,1,2,2,2
787,787,63757,1,2,2,2,2,2,2,2,2,2
788,788,63758,2,2,1,4,2,2,2,2,2,1
789,789,63759,2,1,1,5,2,2,6,2,2,1
790,790,63760,2,4,2,1,2,2,1,2,2,2
791,791,63761,2,2,1,4,2,1,1,2,1,2
792,792,63762,2,1,1,5,2,2,3,2,1,2
793,793,63763,2,1,1,4,2,2,2,1,2,2
794,794,63764,2,2,1,3,1,1,2,2,1,1
795,795,63766,1,4,2,4,2,1,4,2,2,1
796,796,63767,2,1,1,4,2,1,2,2,2,1
797,797,63769,1,1,1,5,1,1,1,2,2,1
798,798,63774,1,3,1,6,2,2,1,2,2,2
799,799,63819,1,2,2,6,2,1,2,2,2,1
800,800,63911,1,1,2,2,2,2,2,2,2,2
801,801,63913,1,3,2,2,2,1,3,2,2,2
802,802,63917,1,4,2,2,2,1,4,2,2,1
803,803,63918,1,4,2,2,2,1,5,1,1,2
804,804,63923,2,4,2,1,2,2,3,1,2,2
805,805,63927,1,2,2,6,2,1,2,2,2,2
806,806,63928,1,2,2,4,1,2,3,2,1,1
807,807,63930,1,1,1,6,2,1,1,1,2,2
808,808,63931,2,4,2,6,2,2,2,1,2,1
809,809,63934,1,3,1,3,2,1,2,2,1,2
810,810,63935,1,2,2,4,2,1,3,1,2,2
811,811,63942,1,1,1,2,2,2,2,2,2,2
812,812,63949,1,4,2,4,2,1,3,1,1,2
813,813,63952,1,3,2,4,2,1,4,2,2,2
814,814,63957,1,4,2,4,2,2,6,2,2,2
815,815,63965,1,4,2,4,2,1,5,1,1,2
816,816,63966,1,1,1,5,2,1,1,2,2,1
817,817,63970,1,3,1,2,2,1,2,2,2,1
818,818,63976,2,1,1,4,1,1,2,2,2,1
819,819,63986,1,3,2,4,2,1,3,1,1,1
820,820,63989,1,1,1,2,2,2,3,1,1,2
821,821,63992,1,1,1,6,2,1,1,2,2,2
